<?xml version="1.0" encoding="UTF-8"?>
<beans xmlns="http://www.springframework.org/schema/beans"
       xmlns:xsi="http://www.w3.org/2001/XMLSchema-instance"
       xmlns:context="http://www.springframework.org/schema/context"
       xmlns:aop="http://www.springframework.org/schema/aop"
       xmlns:tx="http://www.springframework.org/schema/tx"
       xmlns:task="http://www.springframework.org/schema/task"
       xsi:schemaLocation="
        http://www.springframework.org/schema/beans
        http://www.springframework.org/schema/beans/spring-beans-4.0.xsd
        http://www.springframework.org/schema/context
        http://www.springframework.org/schema/context/spring-context-4.0.xsd
        http://www.springframework.org/schema/aop
        http://www.springframework.org/schema/aop/spring-aop-4.0.xsd
        http://www.springframework.org/schema/tx
        http://www.springframework.org/schema/tx/spring-tx-4.0.xsd
        http://www.springframework.org/schema/task
        http://www.springframework.org/schema/task/spring-task-4.0.xsd">

    <import resource="spring-dao.xml"/>
    <import resource="classpath:mongo-config.xml"/>

    <!--扫描service包(包含子包)下所有使用注解的类型-->
    <context:component-scan base-package="org.easy.service"></context:component-scan>

    <!--定时任务配置-->
    <task:executor id="executor" pool-size="5"/>

    <task:scheduler id="scheduler" pool-size="10"/>

    <task:annotation-driven executor="executor" scheduler="scheduler"/>

    <!--配置事务管理器(mybatis采用的是JDBC的事务管理器)-->
    <bean id="transactionManager" class="org.springframework.jdbc.datasource.DataSourceTransactionManager">
        <property name="dataSource" ref="dataSource"></property>
    </bean>

    <!--配置基于注解的声明式事务,默认使用注解来管理事务行为-->
    <tx:annotation-driven transaction-manager="transactionManager"/>
    <bean id="multipartResolver" class="org.springframework.web.multipart.commons.CommonsMultipartResolver">
        <property name="defaultEncoding">
            <value>UTF-8</value>
        </property>
        <property name="maxUploadSize">
            <value>52428800</value><!-- 上传文件大小限制为50M，50*1024*1024 -->
        </property>
        <property name="maxInMemorySize">
            <value>4096</value>
        </property>
    </bean>


     <!--Excel上下文  -->
    <bean id="excelContext" class="org.easy.excel.ExcelContext">
        <constructor-arg>
            <!--你自己的excel配置文件路径,不要使用classpath前缀,底层使用的classPathResource-->
            <value>excel/config.xml</value>
        </constructor-arg>
    </bean>
    <!--&lt;!&ndash; 初始化SpringUtil &ndash;&gt;-->
    <!--<bean id="springUtil" class="org.easy.util.SpringUtil"/>-->

    <!--durid spring监控-->
    <bean id="druid-stat-interceptor" class="com.alibaba.druid.support.spring.stat.DruidStatInterceptor"></bean>
    <bean id="druid-stat-pointcut" class="org.springframework.aop.support.JdkRegexpMethodPointcut" scope="prototype">
        <property name="patterns">
            <list>
                <value>org.easy.dao.*</value>
                <value>org.easy.service.*</value>
            </list>
        </property>
    </bean>
    <aop:config>
        <aop:advisor advice-ref="druid-stat-interceptor" pointcut-ref="druid-stat-pointcut"/>
    </aop:config>

</beans>
