<?xml version="1.0" encoding="UTF-8" ?>
<!DOCTYPE mapper PUBLIC "-//mybatis.org//DTD Mapper 3.0//EN" "http://mybatis.org/dtd/mybatis-3-mapper.dtd" >
<mapper namespace="org.easy.dao.EmployeeMapper">
    <resultMap id="EmployeeResultMap" type="org.easy.entity.Employee">
        <result property="id" column="id"/>
        <result property="createTime" column="create_time"/>
        <result property="name" column="name"/>
        <result property="sex" column="sex"/>
        <result property="status" column="status"/>
        <result property="mobile" column="mobile"/>
        <result property="age" column="age"/>
    </resultMap>

    <sql id="Base_Column_List">
id,create_time,name,sex,status,mobile,age
	</sql>

    <sql id="sql_condition">
        <if test="id != null">
            and id = #{id}
        </if>
        <if test="createTime != null">
            and create_time = #{createTime}
        </if>
        <if test="name != null">
            and name = #{name}
        </if>
        <if test="sex != null">
            and sex = #{sex}
        </if>
        <if test="status != null">
            and status = #{status}
        </if>
        <if test="mobile != null">
            and mobile = #{mobile}
        </if>
        <if test="age != null">
            and age = #{age}
        </if>
    </sql>

    <insert id="insertBat" parameterType="java.util.List">
        INSERT INTO employee(<include refid="Base_Column_List"/>) VALUES
        <foreach item="item" index="index" collection="list"
                 open="" separator="," close="" >
            (#{item.id}, #{item.createTime},#{item.name}, #{item.sex},#{item.status}, #{item.mobile}, #{item.age})
        </foreach>
    </insert>

    <insert id="insertSelective" parameterType="org.easy.entity.Employee">
        INSERT INTO employee
        <trim prefix="(" suffix=")" suffixOverrides=",">
            <if test="id != null">
                id,
            </if>
            <if test="createTime != null">
                create_time,
            </if>
            <if test="name != null">
                name,
            </if>
            <if test="sex != null">
                sex,
            </if>
            <if test="status != null">
                status,
            </if>
            <if test="mobile != null">
                mobile,
            </if>
            <if test="age != null">
                age,
            </if>
        </trim>
        <trim prefix="values (" suffix=")" suffixOverrides=",">
            <if test="id != null">
                #{id},
            </if>
            <if test="createTime != null">
                #{createTime},
            </if>
            <if test="name != null">
                #{name},
            </if>
            <if test="sex != null">
                #{sex},
            </if>
            <if test="status != null">
                #{status},
            </if>
            <if test="mobile != null">
                #{mobile},
            </if>
            <if test="age != null">
                #{age},
            </if>
        </trim>
    </insert>

    <delete id="deleteByPrimaryKey" parameterType="java.lang.Integer">
		DELETE FROM employee
		WHERE id = #{id}
	</delete>

    <update id="updateByPrimaryKeySelective" parameterType="org.easy.entity.Employee">
        UPDATE employee
        <set>
            <if test="id != null">
                id = #{id},
            </if>
            <if test="createTime != null">
                create_time = #{createTime},
            </if>
            <if test="name != null">
                name = #{name},
            </if>
            <if test="sex != null">
                sex = #{sex},
            </if>
            <if test="status != null">
                status = #{status},
            </if>
            <if test="mobile != null">
                mobile = #{mobile},
            </if>
            <if test="age != null">
                age = #{age},
            </if>
        </set>
        WHERE id = #{id}
    </update>

    <select id="selectByPrimaryKey" parameterType="java.lang.Integer" resultMap="EmployeeResultMap">
        SELECT
        <include refid="Base_Column_List"/>
        FROM
        employee
        WHERE id = #{id}
    </select>

    <select id="queryEntityByCondition" parameterType="org.easy.entity.Employee" resultMap="EmployeeResultMap">
        SELECT
        <include refid="Base_Column_List"/>
        FROM
        employee where 1=1
        <include refid="sql_condition"/>
    </select>

    <select id="queryCountByCondition" parameterType="org.easy.entity.Employee" resultType="java.lang.Integer">
        SELECT
        count(1)
        FROM
        employee where 1=1
        <include refid="sql_condition"/>
    </select>

</mapper>