<?xml version="1.0" encoding="UTF-8"?>
<web-app xmlns:xsi="http://www.w3.org/2001/XMLSchema-instance" xmlns="http://java.sun.com/xml/ns/javaee" xmlns:web="http://java.sun.com/xml/ns/javaee/web-app_2_5.xsd" xsi:schemaLocation="http://java.sun.com/xml/ns/javaee http://java.sun.com/xml/ns/javaee/web-app_2_5.xsd" id="WebApp_ID" version="2.5">
  <display-name>KeeperDemo</display-name>
  <welcome-file-list>
    <welcome-file>index.html</welcome-file>
  </welcome-file-list>
  <servlet>
    <servlet-name>keeper</servlet-name>
    <servlet-class>keeper.servlet.Keeper</servlet-class>
    <init-param>
      <param-name>ScriptName</param-name>
      <param-value>/keeperScript.js</param-value>
    </init-param>
    <load-on-startup>1</load-on-startup>
  </servlet>
  <servlet-mapping>
    <servlet-name>keeper</servlet-name>
    <url-pattern>/keeper</url-pattern>
  </servlet-mapping>
  
  <servlet>
    <description></description>
    <display-name>Demo</display-name>
    <servlet-name>Demo</servlet-name>
    <servlet-class>demo.Demo</servlet-class>
  </servlet>
  <servlet-mapping>
    <servlet-name>Demo</servlet-name>
    <url-pattern>/demo</url-pattern>
  </servlet-mapping>
</web-app>